,Date,Booking_Made,Marketing_Budget,Website_Visits,Ticket_Price,Tickets_Sold,Sales_Revenue,Operating_Expenses,Profit
0,2021-01-01,False,1217.741918694604,11789,1000.0,2389,2389000.0,1695726.9906058076,693273.0093941924
1,2021-01-02,False,1462.8143568430485,11778,1000.0,2381,2381000.0,1691967.235940183,689032.764059817
2,2021-01-03,False,1498.7128911025975,11804,1000.0,2369,2369000.0,1686000.974453282,682999.0255467179
3,2021-01-04,False,1243.245803791846,11809,1000.0,2371,2371000.0,1686765.5518259546,684234.4481740454
4,2021-01-05,False,1307.3344573864717,11444,1000.0,2334,2334000.0,1668316.7339980863,665683.2660019137
5,2021-01-06,False,1256.5172250840333,11637,1000.0,2322,2322000.0,1662266.0737837595,659733.9262162405
6,2021-01-07,False,1287.676247677147,11504,1000.0,2322,2322000.0,1662290.9167487326,659709.0832512674
7,2021-01-08,False,1267.014779935274,11571,1000.0,2340,2340000.0,1671267.0978350227,668732.9021649773
8,2021-01-09,False,1452.2537750045992,11826,1000.0,2345,2345000.0,1673957.476609279,671042.5233907211
9,2021-01-10,False,1462.3042721476575,11627,1000.0,2295,2295000.0,1648972.6587782258,646027.3412217742
10,2021-01-11,False,1137.9973347322086,11747,1000.0,2379,2379000.0,1690645.5889630422,688354.4110369578
11,2021-01-12,False,1286.3356450367269,12078,1000.0,2411,2411000.0,1706794.3969606657,704205.6030393343
12,2021-01-13,False,1164.6770162758717,11444,1000.0,2273,2273000.0,1637666.6248265884,635333.3751734116
13,2021-01-14,False,1497.2416070411641,11827,1000.0,2388,2388000.0,1695530.4492893964,692469.5507106036
14,2021-01-15,True,2919.7904980657045,19148,940.8321534283842,5538,5210328.465686392,3271924.445967687,1938404.0197187052
15,2021-01-16,False,1346.7928164452303,11879,1000.0,2381,2381000.0,1691848.6185144796,689151.3814855204
16,2021-01-17,False,1339.445261316706,11741,1000.0,2341,2341000.0,1671842.2932284412,669157.7067715588
17,2021-01-18,False,1321.604175298477,11407,1000.0,2224,2224000.0,1613324.6457249788,610675.3542750212
18,2021-01-19,False,1228.4746246512448,11620,1000.0,2284,2284000.0,1643231.784152113,640768.2158478871
19,2021-01-20,False,1384.8732506908298,12075,1000.0,2414,2414000.0,1708387.0835012095,705612.9164987905
20,2021-01-21,False,1263.090416191909,11819,1000.0,2307,2307000.0,1654788.1921858145,652211.8078141855
21,2021-01-22,False,1390.8534513280024,11829,1000.0,2370,2370000.0,1686391.4590441678,683608.5409558322
22,2021-01-23,False,1289.2604258226793,11620,1000.0,2309,2309000.0,1655802.8747933682,653197.1252066318
23,2021-01-24,True,2590.3128854464912,21848,869.4361303183185,7104,6176474.269781335,4054592.3195245797,2121881.9502567556
24,2021-01-25,False,1175.6395982316446,11702,1000.0,2300,2300000.0,1651195.735146835,648804.264853165
25,2021-01-26,False,1192.0933547165057,11619,1000.0,2354,2354000.0,1678193.8647244307,675806.1352755693
26,2021-01-27,False,1465.2345407047135,11822,1000.0,2331,2331000.0,1666969.5815300415,664030.4184699585
27,2021-01-28,False,1425.0145460242923,11696,1000.0,2315,2315000.0,1658935.200836131,656064.7991638689
28,2021-01-29,False,1482.4497338388167,11651,1000.0,2289,2289000.0,1645996.3074404865,643003.6925595135
29,2021-01-30,False,1268.8247038979816,11814,1000.0,2311,2311000.0,1656778.2615544316,654221.7384455684
30,2021-01-31,False,1484.0850495315992,11741,1000.0,2403,2403000.0,1702992.8741723066,700007.1258276934
31,2021-02-01,False,1478.607655127119,11739,1000.0,2390,2390000.0,1696480.3220542327,693519.6779457673
32,2021-02-02,False,1217.149779166201,11785,1000.0,2271,2271000.0,1636721.2120542284,634278.7879457716
33,2021-02-03,True,2303.473182299349,19213,867.7113816068968,5694,4940748.606869671,3349310.0117635173,1591438.5951061533
34,2021-02-04,False,1180.5224671497524,11552,1000.0,2327,2327000.0,1664686.177560091,662313.822439909
35,2021-02-05,False,1269.49403770565,11666,1000.0,2386,2386000.0,1694276.5336685386,691723.4663314614
36,2021-02-06,False,1435.8912528815938,11796,1000.0,2403,2403000.0,1702943.0651613001,700056.9348386999
37,2021-02-07,False,1223.7247490748332,11616,1000.0,2283,2283000.0,1642725.7710719758,640274.2289280242
38,2021-02-08,False,1139.5467858446764,11807,1000.0,2376,2376000.0,1689152.5904142132,686847.4095857868
39,2021-02-09,False,1277.6311057407254,11720,1000.0,2290,2290000.0,1646285.5802771365,643714.4197228635
40,2021-02-10,False,1306.0931379816402,11936,1000.0,2420,2420000.0,1711322.7384963445,708677.2615036555
41,2021-02-11,False,1359.0636905590486,11873,1000.0,2401,2401000.0,1701865.4306486135,699134.5693513865
42,2021-02-12,False,1124.870509145406,11537,1000.0,2303,2303000.0,1652628.9355656505,650371.0644343495
43,2021-02-13,False,1367.7431204496843,11818,1000.0,2309,2309000.0,1655876.9111181607,653123.0888818393
44,2021-02-14,False,1203.019219455843,11965,1000.0,2387,2387000.0,1694709.175470305,692290.8245296951
45,2021-02-15,False,1477.3915975824616,11636,1000.0,2347,2347000.0,1674979.807607241,672020.192392759
46,2021-02-16,False,1347.4172901944814,12092,1000.0,2426,2426000.0,1714354.984236396,711645.0157636041
47,2021-02-17,False,1301.4603732495857,11564,1000.0,2339,2339000.0,1670815.3298435723,668184.6701564277
48,2021-02-18,False,1446.126076441725,11848,1000.0,2426,2426000.0,1714451.8542933024,711548.1457066976
49,2021-02-19,False,1268.8294118636986,11805,1000.0,2430,2430000.0,1716278.99868497,713721.00131503
50,2021-02-20,False,1450.168632287709,11872,1000.0,2456,2456000.0,1729461.450824878,726538.549175122
51,2021-02-21,False,1398.786435138082,11781,1000.0,2430,2430000.0,1716409.4693923418,713590.5306076582
52,2021-02-22,False,1234.6493654587766,11859,1000.0,2294,2294000.0,1648245.7423880594,645754.2576119406
53,2021-02-23,False,1202.7148605857092,11571,1000.0,2243,2243000.0,1622714.2117735057,620285.7882264943
54,2021-02-24,False,1227.992134330544,11702,1000.0,2297,2297000.0,1649740.3191107286,647259.6808892714
55,2021-02-25,False,1122.415190401915,11602,1000.0,2321,2321000.0,1661625.3890097905,659374.6109902095
56,2021-02-26,False,1279.0889660679363,11586,1000.0,2371,2371000.0,1686783.890230145,684216.1097698549
57,2021-02-27,False,1496.8818223372034,11913,1000.0,2326,2326000.0,1664513.3133260831,661486.6866739169
58,2021-02-28,False,1182.7666270845593,11816,1000.0,2349,2349000.0,1675685.0100884251,673314.9899115749
59,2021-03-01,False,1347.5677547098883,11616,1000.0,2404,2404000.0,1703349.2207786492,700650.7792213508
60,2021-03-02,False,1303.7587352825685,11612,1000.0,2341,2341000.0,1671807.2307539321,669192.7692460679
61,2021-03-03,False,1453.7545759116256,11801,1000.0,2369,2369000.0,1685970.7034635083,683029.2965364917
62,2021-03-04,False,1350.5879905141915,11826,1000.0,2437,2437000.0,1719857.5436507193,717142.4563492807
63,2021-03-05,False,1323.8846898834763,11664,1000.0,2309,2309000.0,1655826.9626723868,653173.0373276132
64,2021-03-06,False,1428.670797240236,11986,1000.0,2365,2365000.0,1683938.1485630006,681061.8514369994
65,2021-03-07,False,1388.74999761144,11681,1000.0,2398,2398000.0,1700395.0114649448,697604.9885350552
66,2021-03-08,False,1169.4104563079943,11701,1000.0,2275,2275000.0,1638679.314080278,636320.6859197221
67,2021-03-09,False,1352.7358174892013,12006,1000.0,2399,2399000.0,1700857.6731014694,698142.3268985306
68,2021-03-10,False,1248.2468624872238,11792,1000.0,2363,2363000.0,1682758.4765800228,680241.5234199772
69,2021-03-11,False,1387.9830003873194,11894,1000.0,2435,2435000.0,1718897.0322295798,716102.9677704202
70,2021-03-12,False,1193.5378957704065,11706,1000.0,2375,2375000.0,1688698.5430176375,686301.4569823625
71,2021-03-13,False,1356.881103386493,11959,1000.0,2442,2442000.0,1722364.7703436664,719635.2296563336
72,2021-03-14,False,1460.1195496347964,11819,1000.0,2476,2476000.0,1739473.634126455,736526.365873545
73,2021-03-15,False,1388.8703978763056,11924,1000.0,2393,2393000.0,1697908.5487579335,695091.4512420665
74,2021-03-16,False,1175.005374525071,11746,1000.0,2363,2363000.0,1682681.9479781305,680318.0520218695
75,2021-03-17,False,1273.86036241795,11826,1000.0,2347,2347000.0,1674789.3065025772,672210.6934974228
76,2021-03-18,False,1368.7344737319404,11899,1000.0,2375,2375000.0,1688887.0752875176,686112.9247124824
77,2021-03-19,False,1294.0203014000567,11657,1000.0,2334,2334000.0,1668306.2455427772,665693.7544572228
78,2021-03-20,False,1364.4125706616185,11829,1000.0,2411,2411000.0,1706870.7051669997,704129.2948330003
79,2021-03-21,False,1130.308057592311,11852,1000.0,2345,2345000.0,1673641.5613754326,671358.4386245674
80,2021-03-22,False,1481.0764834606036,11742,1000.0,2386,2386000.0,1694491.0329921811,691508.9670078189
81,2021-03-23,False,1129.3340076340432,11549,1000.0,2266,2266000.0,1634132.7085738992,631867.2914261008
82,2021-03-24,False,1182.6685271132676,11767,1000.0,2387,2387000.0,1694688.6505483878,692311.3494516122
83,2021-03-25,False,1359.732618570219,11654,1000.0,2415,2415000.0,1708871.7769538322,706128.2230461678
84,2021-03-26,False,1403.2795677750355,11691,1000.0,2349,2349000.0,1675911.103739473,673088.896260527
85,2021-03-27,False,1120.1001698970717,11528,1000.0,2205,2205000.0,1603622.397200937,601377.6027990631
86,2021-03-28,False,1157.6632582462012,11590,1000.0,2394,2394000.0,1698168.6471125914,695831.3528874086
87,2021-03-29,False,1168.452901577971,11592,1000.0,2315,2315000.0,1658669.359483651,656330.6405163491
88,2021-03-30,False,1350.1832293800262,11743,1000.0,2380,2380000.0,1691352.3696650988,688647.6303349012
89,2021-03-31,False,1163.9127564834153,11778,1000.0,2364,2364000.0,1683168.47971273,680831.52028727
90,2021-04-01,False,1396.1269984474432,11890,1000.0,2327,2327000.0,1664914.1770459346,662085.8229540654
91,2021-04-02,False,1331.9724372175858,11761,1000.0,2431,2431000.0,1716848.514138606,714151.4858613941
92,2021-04-03,False,1475.6493792063966,11824,1000.0,2357,2357000.0,1679979.4249406222,677020.5750593778
93,2021-04-04,False,1285.987485736309,11759,1000.0,2382,2382000.0,1692290.2031039167,689709.7968960833
94,2021-04-05,False,1404.0030349723793,11844,1000.0,2385,2385000.0,1693909.4561888417,691090.5438111583
95,2021-04-06,False,1276.929334231899,11957,1000.0,2426,2426000.0,1714281.337736998,711718.662263002
96,2021-04-07,False,1254.5764585454904,11793,1000.0,2362,2362000.0,1682255.5742222539,679744.4257777461
97,2021-04-08,False,1128.4388718504574,11842,1000.0,2296,2296000.0,1649140.615170998,646859.384829002
98,2021-04-09,False,1379.2674904612925,11789,1000.0,2345,2345000.0,1673888.457641819,671111.542358181
99,2021-04-10,False,1199.79177171248,11759,1000.0,2262,2262000.0,1632220.8214676422,629779.1785323578
100,2021-04-11,False,1430.794720993896,11767,1000.0,2393,2393000.0,1697939.5713117148,695060.4286882852
101,2021-04-12,False,1251.946162903987,11711,1000.0,2434,2434000.0,1718256.9155001093,715743.0844998907
102,2021-04-13,False,1376.6191028756639,11779,1000.0,2425,2425000.0,1713878.70823659,711121.29176341
103,2021-04-14,False,1468.6727042441526,11822,1000.0,2355,2355000.0,1678975.3944777304,676024.6055222696
104,2021-04-15,False,1118.9647980547647,11649,1000.0,2335,2335000.0,1668633.1544779614,666366.8455220386
105,2021-04-16,False,1465.103996058943,11865,1000.0,2332,2332000.0,1667469.5579958085,664530.4420041915
106,2021-04-17,False,1402.0643487687084,11748,1000.0,2362,2362000.0,1682404.0955993799,679595.9044006201
107,2021-04-18,False,1236.5372037350933,11592,1000.0,2293,2293000.0,1647737.770563427,645262.2294365731
108,2021-04-19,False,1188.2663179307892,11694,1000.0,2327,2327000.0,1664688.2674956203,662311.7325043797
109,2021-04-20,False,1279.4637843135483,11909,1000.0,2420,2420000.0,1711281.7271493156,708718.2728506844
110,2021-04-21,False,1347.0321148160465,11724,1000.0,2349,2349000.0,1675850.9436437706,673149.0563562294
111,2021-04-22,False,1295.658307931425,11824,1000.0,2365,2365000.0,1683801.0292250896,681198.9707749104
112,2021-04-23,False,1421.6456917224918,11767,1000.0,2362,2362000.0,1682429.6173406783,679570.3826593217
113,2021-04-24,False,1252.9773514381354,11839,1000.0,2276,2276000.0,1639261.9239388066,636738.0760611934
114,2021-04-25,False,1476.6765052836306,11608,1000.0,2368,2368000.0,1685477.7877750022,682522.2122249978
115,2021-04-26,False,1430.7271891591379,11727,1000.0,2324,2324000.0,1663437.1416924396,660562.8583075604
116,2021-04-27,False,1338.1073762544113,11808,1000.0,2307,2307000.0,1654848.652545631,652151.3474543691
117,2021-04-28,False,1290.5787271502907,11947,1000.0,2315,2315000.0,1658799.1591938313,656200.8408061687
118,2021-04-29,False,1105.5857407704675,11730,1000.0,2315,2315000.0,1658611.5117646228,656388.4882353772
119,2021-04-30,False,1448.8986458518493,11746,1000.0,2353,2353000.0,1677957.1988376784,675042.8011623216
120,2021-05-01,False,1240.5467653833784,11795,1000.0,2370,2370000.0,1686258.6085559507,683741.3914440493
121,2021-05-02,False,1411.2570919608622,11855,1000.0,2414,2414000.0,1708418.361269576,705581.638730424
122,2021-05-03,False,1410.0000824181973,11745,994.4091707479386,2999,2982233.103073068,2000921.5310393116,981311.5720337564
123,2021-05-04,False,1277.9839438430124,11760,1000.0,2349,2349000.0,1675792.5688907248,673207.4311092752
124,2021-05-05,False,1442.249737468793,11726,1000.0,2393,2393000.0,1697945.6611867088,695054.3388132912
125,2021-05-06,False,1112.2855702756779,11699,1000.0,2317,2317000.0,1659627.9322862404,657372.0677137596
126,2021-05-07,False,1282.0289089746711,11595,1000.0,2348,2348000.0,1675294.7156564146,672705.2843435854
127,2021-05-08,False,1170.1089381472943,11753,1000.0,2332,2332000.0,1667176.495624435,664823.5043755651
128,2021-05-09,False,1152.6525556943125,11674,1000.0,2306,2306000.0,1654159.1927163335,651840.8072836665
129,2021-05-10,False,1421.9530227373643,11946,1000.0,2414,2414000.0,1708427.6469823287,705572.3530176713
130,2021-05-11,False,1454.9849104890347,11936,1000.0,2353,2353000.0,1677957.8758990122,675042.1241009878
131,2021-05-12,False,1358.3282893914509,11715,1000.0,2319,2319000.0,1660874.6479992475,658125.3520007525
132,2021-05-13,False,1493.8840919704073,11733,1000.0,2346,2346000.0,1674501.357399981,671498.642600019
133,2021-05-14,False,1144.582802594984,11658,1000.0,2372,2372000.0,1687158.7579116356,684841.2420883644
134,2021-05-15,False,1183.315824548775,11505,1000.0,2360,2360000.0,1681188.4327581895,678811.5672418105
135,2021-05-16,False,1143.1453364802198,11804,1000.0,2354,2354000.0,1678154.1225324557,675845.8774675443
136,2021-05-17,False,1274.8729172925491,11646,1000.0,2417,2417000.0,1709788.327724332,707211.672275668
137,2021-05-18,False,1237.108084109514,11663,1000.0,2242,2242000.0,1622239.4244230113,619760.5755769887
138,2021-05-19,False,1262.1516050860307,11651,1000.0,2300,2300000.0,1651266.5269427504,648733.4730572496
139,2021-05-20,False,1120.2879521335972,11896,1000.0,2443,2443000.0,1722630.6645783505,720369.3354216495
140,2021-05-21,False,1169.908640808294,11813,1000.0,2339,2339000.0,1670674.29061741,668325.7093825899
141,2021-05-22,False,1388.917741800592,11806,1000.0,2386,2386000.0,1694398.3423292246,691601.6576707754
142,2021-05-23,False,1428.243749666839,12049,1000.0,2455,2455000.0,1728932.2292750364,726067.7707249636
143,2021-05-24,False,1311.8935268095756,11623,1000.0,2263,2263000.0,1632811.996377478,630188.0036225221
144,2021-05-25,False,1424.0797713705113,11656,1000.0,2275,2275000.0,1638935.4907862279,636064.5092137721
145,2021-05-26,True,2988.322883745417,20731,930.3651425827771,5870,5461243.386960902,3437993.8105484094,2023249.576412493
146,2021-05-27,True,2823.2277270471654,20729,952.5935160018605,5692,5422162.29308259,3348827.456555842,2073334.8365267483
147,2021-05-28,False,1116.5394073722769,11604,1000.0,2428,2428000.0,1715127.1170627796,712872.8829372204
148,2021-05-29,True,2558.1720557193194,20592,804.1052303049777,6226,5006359.163878791,3615565.4629447563,1390793.7009340348
149,2021-05-30,False,1226.4543737746444,12074,1000.0,2455,2455000.0,1728734.9277221737,726265.0722778263
150,2021-05-31,False,1320.002321418888,11646,1000.0,2324,2324000.0,1663325.268476102,660674.731523898
151,2021-06-01,False,1349.044809907481,11798,1000.0,2349,2349000.0,1675860.5057145322,673139.4942854678
152,2021-06-02,False,1150.6015463666226,11843,1000.0,2400,2400000.0,1701156.9846156146,698843.0153843854
153,2021-06-03,False,1254.5584059333016,11682,1000.0,2468,2468000.0,1735267.3919438813,732732.6080561187
154,2021-06-04,False,1257.9007758803054,11777,1000.0,2318,2318000.0,1660267.8769814721,657732.1230185279
155,2021-06-05,False,1351.0561990901413,11561,1000.0,2258,2258000.0,1630364.64281738,627635.3571826201
156,2021-06-06,False,1433.8492062676673,11755,1000.0,2404,2404000.0,1703444.7294312837,700555.2705687163
157,2021-06-07,False,1479.7855908931429,11995,1000.0,2373,2373000.0,1687988.7011164462,685011.2988835538
158,2021-06-08,False,1134.4139211956574,11696,1000.0,2243,2243000.0,1622648.7381324556,620351.2618675444
159,2021-06-09,False,1286.154641553541,11793,1000.0,2413,2413000.0,1707787.6863564295,705212.3136435705
160,2021-06-10,False,1222.5761212922052,11876,1000.0,2336,2336000.0,1669236.0243320565,666763.9756679435
161,2021-06-11,False,1230.3221351736636,11761,1000.0,2307,2307000.0,1654731.222075604,652268.7779243961
162,2021-06-12,False,1180.9974845206873,11749,1000.0,2386,2386000.0,1694187.886518098,691812.113481902
163,2021-06-13,False,1262.527605046434,11760,1000.0,2332,2332000.0,1667271.7159144387,664728.2840855613
164,2021-06-14,False,1307.7386593838237,11702,1000.0,2304,2304000.0,1653311.6645424599,650688.3354575401
165,2021-06-15,False,1262.236435641319,11623,1000.0,2397,2397000.0,1699766.419521111,697233.5804788889
166,2021-06-16,False,1269.4560824641483,11655,1000.0,2299,2299000.0,1650771.3756643531,648228.6243356469
167,2021-06-17,False,1178.2016779423057,11651,1000.0,2339,2339000.0,1670688.1012134105,668311.8987865895
168,2021-06-18,False,1314.0432543957318,11445,1000.0,2296,2296000.0,1649320.0841373703,646679.9158626297
169,2021-06-19,False,1168.8788557829557,11592,1000.0,2309,2309000.0,1655687.8875789447,653312.1124210553
170,2021-06-20,False,1193.32813784735,11756,1000.0,2323,2323000.0,1662693.8411959205,660306.1588040795
171,2021-06-21,False,1454.1677270798568,11992,1000.0,2373,2373000.0,1687975.132352267,685024.8676477331
172,2021-06-22,False,1263.87812613261,11692,1000.0,2298,2298000.0,1650264.3321438604,647735.6678561396
173,2021-06-23,False,1450.4269910968028,11869,1000.0,2378,2378000.0,1690458.7143897922,687541.2856102078
174,2021-06-24,False,1103.5800255074817,11770,1000.0,2317,2317000.0,1659604.2435735133,657395.7564264867
175,2021-06-25,False,1356.8217646268818,11678,1000.0,2410,2410000.0,1706364.7624968756,703635.2375031244
176,2021-06-26,False,1164.9854074608363,11704,1000.0,2329,2329000.0,1665668.1546184742,663331.8453815258
177,2021-06-27,False,1381.5114714927965,11817,1000.0,2474,2474000.0,1738388.1153100461,735611.8846899539
178,2021-06-28,False,1468.9695048669712,11832,1000.0,2350,2350000.0,1676472.0669731416,673527.9330268584
179,2021-06-29,False,1373.133435046274,11742,1000.0,2383,2383000.0,1692879.4306943459,690120.5693056541
180,2021-06-30,False,1478.7341915445963,11763,1000.0,2396,2396000.0,1699481.7362508383,696518.2637491617
181,2021-07-01,False,1431.7168208890166,11909,1000.0,2373,2373000.0,1687940.4510525055,685059.5489474945
182,2021-07-02,False,1316.42804984436,11506,1000.0,2307,2307000.0,1654844.1456011073,652155.8543988927
183,2021-07-03,False,1496.3017825440766,11915,1000.0,2410,2410000.0,1706505.8612202664,703494.1387797336
184,2021-07-04,False,1151.4222378784534,11574,1000.0,2265,2265000.0,1633660.3108381229,631339.6891618771
185,2021-07-05,False,1247.415335007851,11603,1000.0,2324,2324000.0,1663257.5625950058,660742.4374049942
186,2021-07-06,False,1110.3949262649596,11699,1000.0,2361,2361000.0,1681636.0556787,679363.9443212999
187,2021-07-07,False,1412.126985417669,11973,1000.0,2384,2384000.0,1693416.052772573,690583.947227427
188,2021-07-08,False,1467.7032783014379,11879,1000.0,2366,2366000.0,1684477.6541052533,681522.3458947467
189,2021-07-09,False,1317.35239467475,11529,1000.0,2310,2310000.0,1656319.430398172,653680.569601828
190,2021-07-10,False,1145.6884766834708,11691,1000.0,2367,2367000.0,1684659.064787208,682340.9352127919
191,2021-07-11,False,1422.525670025642,11756,1000.0,2389,2389000.0,1695927.1649554719,693072.8350445281
192,2021-07-12,False,1310.5972486717633,11544,1000.0,2232,2232000.0,1617319.9380641282,614680.0619358718
193,2021-07-13,False,1456.534834739347,11590,1000.0,2321,2321000.0,1661958.0544535085,659041.9455464915
194,2021-07-14,False,1106.457529460913,11761,1000.0,2398,2398000.0,1700127.1926218802,697872.8073781198
195,2021-07-15,False,1112.1981172487515,11700,1000.0,2400,2400000.0,1701121.5638157553,698878.4361842447
196,2021-07-16,False,1191.3545067161929,11750,1000.0,2426,2426000.0,1714191.5064658842,711808.4935341158
197,2021-07-17,False,1297.6470516443724,12018,1000.0,2488,2488000.0,1745315.4062321722,742684.5937678278
198,2021-07-18,False,1470.6820139334716,11890,1000.0,2352,2352000.0,1677486.3237329102,674513.6762670898
199,2021-07-19,False,1403.3880376467014,11788,1000.0,2355,2355000.0,1678909.5613348144,676090.4386651856
200,2021-07-20,False,1355.1039396617462,11903,1000.0,2299,2299000.0,1650861.893008196,648138.106991804
201,2021-07-21,False,1135.3932289738036,11532,1000.0,2292,2292000.0,1647137.2546107,644862.7453892999
202,2021-07-22,False,1317.132895019608,11671,1000.0,2330,2330000.0,1666322.3686704868,663677.6313295132
203,2021-07-23,False,1328.1832026069546,11621,1000.0,2382,2382000.0,1692328.8911362072,689671.1088637928
204,2021-07-24,False,1149.721286772154,11682,1000.0,2340,2340000.0,1671153.4500321473,668846.5499678527
205,2021-07-25,False,1309.5295078101262,11656,1000.0,2334,2334000.0,1668315.2193736995,665684.7806263005
206,2021-07-26,False,1193.9968911030046,11715,1000.0,2301,2301000.0,1651700.597146312,649299.402853688
207,2021-07-27,False,1190.3608373638142,11758,1000.0,2346,2346000.0,1674190.6274324479,671809.3725675521
208,2021-07-28,False,1143.6467166386344,11788,1000.0,2397,2397000.0,1699661.9868211125,697338.0131788875
209,2021-07-29,False,1245.9706145236066,11453,1000.0,2189,2189000.0,1595752.238451385,593247.7615486151
210,2021-07-30,False,1349.354448337317,11772,1000.0,2417,2417000.0,1709860.311353011,707139.688646989
211,2021-07-31,False,1316.0162486232416,12031,1000.0,2371,2371000.0,1686826.4140178564,684173.5859821436
212,2021-08-01,False,1488.2597113188053,11711,1000.0,2369,2369000.0,1685991.9495229647,683008.0504770353
213,2021-08-02,False,1430.9806942026848,11644,1000.0,2315,2315000.0,1658931.5025931774,656068.4974068226
214,2021-08-03,False,1391.2554265636004,11736,1000.0,2348,2348000.0,1675394.2139618152,672605.7860381848
215,2021-08-04,False,1207.569239501321,11716,1000.0,2370,2370000.0,1686219.5217449577,683780.4782550423
216,2021-08-05,False,1173.95424931553,11659,1000.0,2321,2321000.0,1661683.2644735998,659316.7355264002
217,2021-08-06,False,1162.2269649419811,11466,1000.0,2252,2252000.0,1627168.3404119276,624831.6595880724
218,2021-08-07,False,1282.7160431877676,11613,1000.0,2401,2401000.0,1701795.7386464647,699204.2613535353
219,2021-08-08,False,1375.9481001392694,11976,1000.0,2378,2378000.0,1690391.7225823582,687608.2774176418
220,2021-08-09,True,2966.7536488874516,18284,949.9790049094304,5420,5148886.206609113,3212968.119647057,1935918.0869620563
221,2021-08-10,False,1111.7641102789132,11688,1000.0,2390,2390000.0,1696115.4004824015,693884.5995175985
222,2021-08-11,False,1281.3737993761895,11793,1000.0,2343,2343000.0,1672792.3222697289,670207.6777302711
223,2021-08-12,False,1460.0591911635668,11619,1000.0,2286,2286000.0,1644465.183293299,641534.816706701
224,2021-08-13,False,1498.6042880329921,11715,1000.0,2305,2305000.0,1654008.0419372756,650991.9580627244
225,2021-08-14,False,1149.5233877381002,11545,1000.0,2317,2317000.0,1659651.1371080303,657348.8628919697
226,2021-08-15,False,1433.1771797525282,11879,1000.0,2402,2402000.0,1702436.6529687643,699563.3470312357
227,2021-08-16,False,1183.7052486123791,11690,1000.0,2270,2270000.0,1636212.2325605478,633787.7674394522
228,2021-08-17,False,1361.4071819047747,11822,1000.0,2395,2395000.0,1698865.8109388188,696134.1890611812
229,2021-08-18,False,1296.9748666451283,12075,1000.0,2392,2392000.0,1697298.161493977,694701.8385060229
230,2021-08-19,True,2821.952140971661,18795,966.9743840096744,5297,5122063.312099245,3151329.0444627693,1970734.267636476
231,2021-08-20,True,2610.242079758787,18762,804.8369866327907,6113,4919968.49928625,3559118.558941787,1360849.940344463
232,2021-08-21,False,1413.7025520326495,11811,1000.0,2396,2396000.0,1699433.365395038,696566.6346049621
233,2021-08-22,False,1122.5476955822658,11603,1000.0,2305,2305000.0,1653628.1538233138,651371.8461766862
234,2021-08-23,False,1315.2404492077535,11855,1000.0,2473,2473000.0,1737818.3590703108,735181.6409296892
235,2021-08-24,False,1464.2117072423243,11887,1000.0,2424,2424000.0,1713466.8726942735,710533.1273057265
236,2021-08-25,False,1320.7210020486361,11619,1000.0,2331,2331000.0,1666833.1191692774,664166.8808307226
237,2021-08-26,False,1320.0799373277277,11685,1000.0,2327,2327000.0,1664821.323586453,662178.676413547
238,2021-08-27,False,1373.1547032501906,11564,1000.0,2287,2287000.0,1644874.1228466462,642125.8771533538
239,2021-08-28,False,1318.4572233643212,11677,1000.0,2341,2341000.0,1671825.135243716,669174.864756284
240,2021-08-29,False,1363.096092242189,11745,999.5213932349498,2898,2896612.9975948846,1950382.0560211437,946230.9415737409
241,2021-08-30,False,1464.1538691571172,11828,1000.0,2356,2356000.0,1679468.3344666017,676531.6655333983
242,2021-08-31,False,1400.0979151087017,11614,1000.0,2247,2247000.0,1624912.13056424,622087.86943576
243,2021-09-01,False,1145.795929500353,11570,1000.0,2414,2414000.0,1708158.2144318528,705841.7855681472
244,2021-09-02,False,1233.6461145422575,11746,1000.0,2264,2264000.0,1633237.2245469785,630762.7754530215
245,2021-09-03,True,2786.7877997140454,20808,965.4375683338893,5859,5656498.712868257,3432291.242220525,2224207.4706477323
246,2021-09-04,False,1382.5647691428135,11682,1000.0,2390,2390000.0,1696387.637182672,693612.362817328
247,2021-09-05,False,1453.2084540810101,11818,1000.0,2449,2449000.0,1725969.1791115608,723030.8208884392
248,2021-09-06,False,1341.518070069893,11751,1000.0,2401,2401000.0,1701853.782716051,699146.217283949
249,2021-09-07,False,1218.9205359742473,11723,1000.0,2334,2334000.0,1668222.019628157,665777.9803718431
250,2021-09-08,False,1114.2533060220312,11730,1000.0,2359,2359000.0,1680624.1941296472,678375.8058703528
251,2021-09-09,False,1190.6544834734418,11552,1000.0,2371,2371000.0,1686692.6563557643,684307.3436442357
252,2021-09-10,False,1199.2824020250207,11680,1000.0,2334,2334000.0,1668201.834383996,665798.165616004
253,2021-09-11,False,1215.271012979387,11507,1000.0,2274,2274000.0,1638221.818835841,635778.181164159
254,2021-09-12,False,1334.635960573194,11581,985.7054888482132,2971,2928531.0073680417,1986838.7595360996,941692.247831942
255,2021-09-13,False,1495.6430180190082,11990,1000.0,2440,2440000.0,1721503.196446752,718496.803553248
256,2021-09-14,False,1255.85501722821,11699,1000.0,2322,2322000.0,1662267.1997113721,659732.8002886279
257,2021-09-15,False,1413.4364854108392,11845,1000.0,2343,2343000.0,1672920.7556591937,670079.2443408063
258,2021-09-16,False,1137.9548713006786,11568,1000.0,2298,2298000.0,1650145.2458938323,647854.7541061677
259,2021-09-17,False,1295.2027633875803,11735,1000.0,2243,2243000.0,1622805.7668613645,620194.2331386355
260,2021-09-18,False,1246.6297694453567,11553,986.9342116099886,2971,2932181.542693276,1986752.9859831412,945428.5567101347
261,2021-09-19,False,1471.501379935488,11672,1000.0,2302,2302000.0,1652472.2178066224,649527.7821933776
262,2021-09-20,False,1225.8002495654055,11490,1000.0,2317,2317000.0,1659733.3968514497,657266.6031485503
263,2021-09-21,False,1469.7107346300727,11773,1000.0,2327,2327000.0,1664980.1149730415,662019.8850269585
264,2021-09-22,False,1404.0590075997975,11862,1000.0,2276,2276000.0,1639409.933693048,636590.0663069519
265,2021-09-23,False,1100.3122685343797,11545,1000.0,2386,2386000.0,1694102.8572481447,691897.1427518553
266,2021-09-24,False,1375.8052658350393,11668,1000.0,2390,2390000.0,1696383.1118187718,693616.8881812282
267,2021-09-25,False,1118.2549851703664,11659,1000.0,2307,2307000.0,1654625.1562564392,652374.8437435608
268,2021-09-26,False,1227.3257553593933,11556,1000.0,2285,2285000.0,1643740.8979725512,641259.1020274488
269,2021-09-27,False,1403.557121083137,11839,1000.0,2365,2365000.0,1683904.5722589581,681095.4277410419
270,2021-09-28,False,1354.2279823186495,12150,1000.0,2389,2389000.0,1695866.8986020696,693133.1013979304
271,2021-09-29,True,2331.735472890011,21134,971.6123421359088,5938,5769434.087603026,3471347.606469132,2298086.481133894
272,2021-09-30,False,1134.281189918509,11652,1000.0,2378,2378000.0,1690135.0901299599,687864.9098700401
273,2021-10-01,False,1233.4179442153288,11610,1000.0,2339,2339000.0,1670738.35695904,668261.64304096
274,2021-10-02,False,1197.5413978552579,11737,1000.0,2442,2442000.0,1722213.3251150276,719786.6748849724
275,2021-10-03,False,1188.7190249240748,11616,1000.0,2279,2279000.0,1640694.1927497515,638305.8072502485
276,2021-10-04,False,1105.533271402644,11823,1000.0,2406,2406000.0,1704108.3548824168,701891.6451175832
277,2021-10-05,False,1357.8995478510872,11645,1000.0,2332,2332000.0,1667358.9830203925,664641.0169796075
278,2021-10-06,False,1225.4107694677525,11720,1000.0,2289,2289000.0,1645744.4700619916,643255.5299380084
279,2021-10-07,False,1344.7941301558649,11669,1000.0,2378,2378000.0,1690358.210728095,687641.7892719051
280,2021-10-08,False,1306.0123589302955,11685,1000.0,2339,2339000.0,1670819.1350364655,668180.8649635345
281,2021-10-09,False,1280.107676096582,11748,1000.0,2405,2405000.0,1703781.1974109346,701218.8025890654
282,2021-10-10,False,1283.0609695301687,11522,1000.0,2340,2340000.0,1671284.5274252149,668715.4725747851
283,2021-10-11,False,1239.5002468867337,11930,998.7777311701151,2893,2889463.9762751427,1947754.350074971,941709.6262001717
284,2021-10-12,False,1381.8607950930718,11830,1000.0,2391,2391000.0,1696896.5105964642,694103.4894035358
285,2021-10-13,False,1246.63626378846,11788,1000.0,2384,2384000.0,1693258.717248674,690741.282751326
286,2021-10-14,False,1308.8548286527728,11875,984.6623412820169,2967,2921493.166583744,1984814.1113379796,936679.0552457643
287,2021-10-15,False,1292.8660269523386,11632,1000.0,2247,2247000.0,1624803.7860099701,622196.2139900299
288,2021-10-16,False,1351.944853210959,11706,1000.0,2374,2374000.0,1688354.2875576692,685645.7124423308
289,2021-10-17,False,1188.7864283035624,11683,1000.0,2305,2305000.0,1653692.1103071284,651307.8896928716
290,2021-10-18,False,1385.8776522608541,12050,1000.0,2358,2358000.0,1680404.0030052182,677595.9969947818
291,2021-10-19,False,1115.0730583403322,11539,1000.0,2321,2321000.0,1661635.9025858366,659364.0974141634
292,2021-10-20,False,1339.1560512127182,11867,1000.0,2337,2337000.0,1669844.5535544725,667155.4464455275
293,2021-10-21,False,1104.6439071154361,11574,1000.0,2364,2364000.0,1683115.1906195325,680884.8093804675
294,2021-10-22,False,1481.247398068253,11532,1000.0,2372,2372000.0,1687506.8159591462,684493.1840408538
295,2021-10-23,False,1435.4834844690008,11946,1000.0,2392,2392000.0,1697437.7154953142,694562.2845046858
296,2021-10-24,False,1341.8001701471721,11542,1000.0,2368,2368000.0,1685349.2380644318,682650.7619355682
297,2021-10-25,False,1305.7268540632824,11879,1000.0,2385,2385000.0,1693813.643517516,691186.3564824839
298,2021-10-26,False,1445.291079437019,11876,1000.0,2382,2382000.0,1692471.6291557096,689528.3708442904
299,2021-10-27,False,1152.5304388885063,11570,1000.0,2363,2363000.0,1682668.0958921367,680331.9041078633
300,2021-10-28,False,1200.520647255801,11756,1000.0,2352,2352000.0,1677204.3397062889,674795.6602937111
301,2021-10-29,False,1338.369321522779,11904,1000.0,2323,2323000.0,1662847.8849052452,660152.1150947548
302,2021-10-30,False,1380.2761176267377,11709,1000.0,2406,2406000.0,1704383.0808052942,701616.9191947058
303,2021-10-31,False,1222.485119175305,11878,1000.0,2395,2395000.0,1698734.2353326182,696265.7646673818
304,2021-11-01,False,1175.5191356399532,11783,1000.0,2400,2400000.0,1701185.3867168445,698814.6132831555
305,2021-11-02,False,1275.7233444163203,11720,1000.0,2326,2326000.0,1664286.4459729595,661713.5540270405
306,2021-11-03,False,1296.4075356780922,11731,1000.0,2337,2337000.0,1669798.9197735018,667201.0802264982
307,2021-11-04,False,1168.8461616392951,11798,1000.0,2312,2312000.0,1657174.5355730865,654825.4644269135
308,2021-11-05,True,2612.304055949886,22348,900.776711764459,6220,5602831.147174935,3612626.092283031,1990205.054891904
309,2021-11-06,False,1199.0397690990999,11510,1000.0,2285,2285000.0,1643708.3307866761,641291.6692133239
310,2021-11-07,False,1432.5112726726325,11904,1000.0,2396,2396000.0,1699440.1725856813,696559.8274143187
311,2021-11-08,False,1342.6815340681956,11781,1000.0,2282,2282000.0,1642351.6870262385,639648.3129737615
312,2021-11-09,False,1147.498200519589,11656,1000.0,2320,2320000.0,1661156.7021848485,658843.2978151515
313,2021-11-10,True,2352.701322444919,18223,911.2752529947476,5011,4566400.29275668,3007852.7240382596,1558547.5687184208
314,2021-11-11,False,1295.9141255418033,11759,1000.0,2335,2335000.0,1668799.5861587126,666200.4138412874
315,2021-11-12,False,1154.4613235579586,11705,1000.0,2334,2334000.0,1668161.4054303665,665838.5945696335
316,2021-11-13,False,1240.767750695839,11572,1000.0,2260,2260000.0,1631242.4106979826,628757.5893020174
317,2021-11-14,False,1112.529496729031,11589,1000.0,2276,2276000.0,1639122.0800189162,636877.9199810838
318,2021-11-15,False,1486.4807477690279,11869,1000.0,2434,2434000.0,1718489.1726498806,715510.8273501194
319,2021-11-16,False,1347.5564965139163,11718,1000.0,2421,2421000.0,1711848.9716511774,709151.0283488226
320,2021-11-17,False,1130.4028999947252,11507,1000.0,2275,2275000.0,1638647.2246449916,636352.7753550084
321,2021-11-18,False,1334.7212767077922,11872,986.1166976967038,3010,2968211.2600670783,2006336.6752832285,961874.5847838498
322,2021-11-19,False,1161.583202524013,11644,1000.0,2404,2404000.0,1703187.228665989,700812.7713340111
323,2021-11-20,False,1445.6554240280886,11695,1000.0,2412,2412000.0,1707457.050828215,704542.949171785
324,2021-11-21,False,1117.0809578210371,11514,1000.0,2373,2373000.0,1687628.3498959471,685371.6501040529
325,2021-11-22,False,1332.68748184794,11814,1000.0,2389,2389000.0,1695841.1114675896,693158.8885324104
326,2021-11-23,False,1360.3705643312876,11780,1000.0,2335,2335000.0,1668874.4979055594,666125.5020944406
327,2021-11-24,False,1254.6022995766261,11726,1000.0,2297,2297000.0,1649763.8222118248,647236.1777881752
328,2021-11-25,False,1261.4175033017327,11704,1000.0,2430,2430000.0,1716265.1700585939,713734.8299414061
329,2021-11-26,False,1424.8073486950464,11955,1000.0,2282,2282000.0,1642426.0314477473,639573.9685522527
330,2021-11-27,True,2489.1049061385015,18438,881.1770256653765,5364,4726633.565669079,3184489.182876903,1542144.3827921762
331,2021-11-28,True,2847.3709555210776,22725,899.7849365909383,6587,5926883.37732451,3796348.9846116835,2130534.392712827
332,2021-11-29,False,1117.355896806869,11829,1000.0,2314,2314000.0,1658119.659694629,655880.340305371
333,2021-11-30,False,1431.774682886215,11720,1000.0,2262,2262000.0,1632439.9547025666,629560.0452974334
334,2021-12-01,False,1471.371187870372,11933,1000.0,2454,2454000.0,1728496.9380389578,725503.0619610422
335,2021-12-02,False,1311.5251012715812,11731,1000.0,2415,2415000.0,1708814.675345429,706185.324654571
336,2021-12-03,False,1211.899632472123,11645,1000.0,2400,2400000.0,1701227.8906288678,698772.1093711322
337,2021-12-04,False,1197.345416205081,11563,1000.0,2368,2368000.0,1685199.0729313775,682800.9270686225
338,2021-12-05,False,1107.0800062288065,11534,1000.0,2234,2234000.0,1618141.6378694484,615858.3621305516
339,2021-12-06,False,1378.1283628978324,11662,1000.0,2329,2329000.0,1665883.2712095003,663116.7287904997
340,2021-12-07,False,1140.8403508436313,11695,1000.0,2323,2323000.0,1662646.774774583,660353.225225417
341,2021-12-08,False,1320.5766734058093,11534,1000.0,2288,2288000.0,1645327.1727549552,642672.8272450448
342,2021-12-09,False,1210.7634508118686,11754,1000.0,2455,2455000.0,1728720.8200165322,726279.1799834678
343,2021-12-10,False,1117.2342932119022,11539,1000.0,2354,2354000.0,1678133.2976476776,675866.7023523224
344,2021-12-11,False,1335.2598567409311,11720,1000.0,2315,2315000.0,1658844.534688519,656155.4653114809
345,2021-12-12,False,1162.7438374751325,11769,1000.0,2360,2360000.0,1681189.7363440124,678810.2636559876
346,2021-12-13,False,1386.377997584799,11879,1000.0,2368,2368000.0,1685389.431897698,682610.568102302
347,2021-12-14,False,1399.000383564647,12085,1000.0,2445,2445000.0,1723902.6367186776,721097.3632813224
348,2021-12-15,False,1175.306261457831,11486,1000.0,2332,2332000.0,1667177.8483949648,664822.1516050352
349,2021-12-16,False,1451.4419496664425,11838,1000.0,2337,2337000.0,1669958.747552788,667041.2524472121
350,2021-12-17,False,1217.4311203845898,11570,1000.0,2312,2312000.0,1657218.0495180346,654781.9504819654
351,2021-12-18,False,1196.187896496588,11446,1000.0,2306,2306000.0,1654206.5338759697,651793.4661240303
352,2021-12-19,False,1490.0229153133776,11768,1000.0,2334,2334000.0,1668502.4897912405,665497.5102087595
353,2021-12-20,False,1387.3294518959729,11804,1000.0,2371,2371000.0,1686904.3050948023,684095.6949051977
354,2021-12-21,False,1370.8148202547518,11832,1000.0,2424,2424000.0,1713380.7584108808,710619.2415891192
355,2021-12-22,False,1483.182531071726,11840,1000.0,2321,2321000.0,1661992.8456788575,659007.1543211425
356,2021-12-23,False,1407.9606170276825,11901,1000.0,2404,2404000.0,1703416.770369745,700583.2296302549
357,2021-12-24,False,1145.9647810488636,11604,1000.0,2297,2297000.0,1649647.1260770839,647352.8739229161
358,2021-12-25,False,1216.8866276193967,11832,1000.0,2489,2489000.0,1745723.770456175,743276.2295438249
359,2021-12-26,False,1244.6880695522902,11731,1000.0,2312,2312000.0,1657251.9876331668,654748.0123668332
360,2021-12-27,False,1491.9184768686898,11842,1000.0,2297,2297000.0,1650014.1407715685,646985.8592284315
361,2021-12-28,False,1457.85457481728,11767,1000.0,2328,2328000.0,1665461.3237779534,662538.6762220466
362,2021-12-29,False,1318.75267698404,11745,1000.0,2336,2336000.0,1669319.0120014264,666680.9879985736
363,2021-12-30,False,1222.0979421657837,11501,1000.0,2361,2361000.0,1681725.0639914616,679274.9360085384
364,2021-12-31,False,1279.4090231946427,11682,1000.0,2380,2380000.0,1691290.1894118404,688709.8105881596
